Time,Voltage_1,Voltage_5,Voltage_10
5,0,0,0
10,0,0,0
15,1,0,0
20,2,1,1
25,3,2,2
30,4,3,3
35,6,3,4
40,6,4,5
45,8,5,6
50,8,7,8
55,10,7,8
60,11,8,10
65,11,9,10
70,13,10,12
75,13,11,12
80,15,12,14
85,15,13,14
90,17,13,15
95,16,14,16
100,18,15,17
105,18,16,18
110,19,16,18
115,20,17,19
120,19,18,20
125,21,19,21
130,21,19,21
135,23,20,22
140,22,20,22
145,25,21,22
150,23,22,23
155,25,21,23
160,25,22,24
165,25,22,24
170,26,24,25
175,25,24,25
180,27,24,26
185,26,25,26
190,29,25,27
195,27,26,27
200,29,25,27
205,28,26,28
210,28,26,28
215,29,27,28
220,29,27,28
225,30,27,29
230,28,28,29
235,31,28,29
240,29,29,29
245,31,28,30
250,30,29,30
255,31,29,30
260,31,29,30
265,31,29,30
270,32,30,31
275,30,29,31
280,32,29,31
285,30,30,31
290,33,30,31
295,31,31,32
300,33,30,32
305,33,31,32
310,32,30,32
315,32,31,32
320,32,31,32
325,34,32,32
330,32,31,32
335,34,32,33
340,32,32,32
345,34,32,33
350,33,32,33
355,34,32,33
360,33,32,33
365,33,32,33
370,33,32,33
375,33,32,33
380,35,32,34
385,32,33,33
390,35,33,33
395,33,33,33
400,35,33,33
405,33,33,34
410,34,32,33
415,34,33,34
420,33,33,34
425,35,34,34
430,33,33,33
435,35,33,34
440,33,33,34
445,37,33,34
450,34,34,34
455,35,33,34
460,34,34,34
465,34,33,34
470,35,34,34
475,34,33,33
480,35,33,34
485,33,34,34
490,36,33,34
495,34,34,34
500,35,33,34
505,34,34,34
510,35,33,34
515,35,34,34
520,34,33,34
525,34,34,34
530,32,33,34
535,35,34,34
540,33,34,34
545,36,34,34
550,33,34,34
555,35,33,34
560,34,34,34
565,35,33,34
570,34,34,34
575,33,33,34
580,35,34,34
585,32,34,34
590,35,34,34
595,33,34,34
600,36,33,34
605,33,34,34
610,34,33,34
615,34,34,34
620,34,33,33
625,34,34,34
630,32,33,33
635,35,34,34
640,32,33,33
645,36,33,34
650,33,34,34
655,36,33,34
660,33,34,34
665,35,33,33
670,34,34,34
675,34,33,33
680,34,34,34
685,33,33,33
690,35,33,34
695,33,33,33
700,35,33,33
705,34,33,34
710,35,33,33
715,33,34,34
720,34,33,34
725,34,34,34
730,33,33,33
735,34,33,34
740,33,34,33
745,35,33,34
750,33,34,33
755,35,33,33
760,33,34,34
765,35,33,33
770,34,34,34
775,34,33,34
780,35,34,34
785,33,33,33
790,36,33,34
795,33,34,34
800,35,33,33
805,34,34,34
810,35,33,34
815,33,34,34
820,34,33,33
825,34,34,34
830,33,33,33
835,35,34,34
840,32,34,34
845,35,34,34
850,33,34,34
855,37,34,34
860,34,34,34
865,35,33,34
870,34,34,34
875,34,34,34
880,34,34,34
885,33,34,34
890,36,34,34
895,33,34,34
900,36,34,34
905,34,34,34
910,37,34,34
915,35,35,34
920,35,34,34
925,35,34,35
930,34,34,34
935,35,35,35
940,34,35,34
945,36,34,35
950,34,35,35
955,36,35,35
960,34,35,35
965,36,35,35
970,35,35,35
975,36,34,35
980,36,35,35
985,35,35,35
990,36,35,36
995,35,35,35
1000,37,35,35
1005,35,35,35
1010,37,35,35
1015,35,36,36
1020,36,35,35
1025,36,36,36
1030,35,35,35
1035,36,36,36
1040,34,35,35
1045,37,36,36
1050,34,36,36
1055,37,36,36
1060,36,36,36
1065,37,36,36
1070,36,36,36
1075,37,36,36
1080,37,36,37
1085,37,36,36
1090,37,37,36
1095,36,36,36
1100,38,36,36
1105,36,37,36
1110,38,36,36
1115,36,37,37
1120,37,36,36
1125,37,37,37
1130,36,36,36
1135,37,37,37
1140,35,36,36
1145,38,37,37
1150,36,37,37
1155,39,37,37
1160,36,37,37
1165,38,37,37
1170,37,37,37
1175,38,36,37
1180,37,37,37
1185,37,36,37
1190,38,37,37
1195,35,37,37
1200,39,38,37
1205,37,37,37
1210,39,37,37
1215,37,38,37
1220,38,37,37
1225,37,38,38
1230,38,37,37
1235,38,38,38
1240,37,37,37
1245,39,37,37
1250,36,37,37
1255,40,37,38
1260,37,38,37
1265,38,37,37
1270,37,38,37
1275,39,37,37
1280,37,38,38
1285,37,37,37
1290,39,38,38
1295,37,37,37
1300,39,37,38
1305,37,37,37
1310,39,38,38
1315,37,38,38
1320,39,37,38
1325,38,38,38
1330,38,37,37
1335,38,38,38
1340,37,37,37
1345,38,37,38
1350,36,37,38
1355,39,37,38
1360,37,38,37
1365,39,37,38
1370,37,38,38
1375,39,37,37
1380,37,38,38
1385,38,37,37
1390,38,37,38
1395,35,37,37
1400,38,37,38
1405,36,37,37
1410,40,37,37
1415,37,38,37
1420,39,37,37
1425,37,38,37
1430,37,37,37
1435,37,37,38
1440,37,37,37
1445,38,37,38
1450,36,37,37
1455,40,37,37
1460,36,37,37
1465,39,37,37
1470,36,37,37
1475,38,36,37
1480,37,37,37
1485,37,36,37
1490,37,37,37
1495,37,37,37
1500,37,37,37
1505,36,37,37
1510,39,36,37
1515,36,37,37
1520,38,36,36
1525,36,37,37
1530,37,36,36
1535,37,37,37
1540,36,36,36
1545,37,36,37
1550,35,36,36
1555,38,36,36
1560,34,37,36
1565,38,36,36
1570,36,37,36
1575,37,36,36
1580,36,37,36
1585,36,36,36
1590,36,36,36
1595,35,36,35
1600,37,36,36
1605,35,36,36
1610,37,35,36
1615,35,36,35
1620,37,36,36
1625,35,36,36
1630,37,35,35
1635,35,36,36
1640,35,35,35
1645,36,35,36
1650,34,35,35
1655,36,35,36
1660,35,36,35
1665,38,35,35
1670,35,35,35
1675,37,35,35
1680,35,35,35
1685,36,35,35
1690,35,36,35
1695,35,35,35
1700,36,35,35
1705,34,35,35
1710,37,35,35
1715,34,35,35
1720,38,35,35
1725,34,35,35
1730,36,35,35
1735,35,36,35
1740,36,34,35
1745,36,35,35
1750,35,35,35
1755,36,35,35
1760,33,35,35
1765,37,35,35
1770,34,35,35
1775,36,35,35
1780,35,35,35
1785,36,35,35
1790,35,35,35
1795,35,35,35
1800,36,35,35
1805,35,35,35
1810,36,35,35
1815,35,35,35
1820,37,35,35
1825,34,35,35
1830,37,35,35
1835,35,35,35
1840,36,35,35
1845,36,36,35
1850,35,35,35
1855,36,36,35
1860,34,35,35
1865,36,35,35
1870,35,36,35
1875,38,35,35
1880,35,36,35
1885,36,35,35
1890,36,36,36
1895,36,35,35
1900,36,36,36
1905,35,36,35
1910,37,36,36
1915,35,36,35
1920,38,36,35
1925,35,36,36
1930,37,35,35
1935,35,36,36
1940,37,35,35
1945,36,36,36
1950,36,35,36
1955,37,36,36
1960,35,36,36
1965,37,36,36
1970,36,36,36
1975,39,36,36
1980,36,37,36
1985,37,36,36
1990,37,36,36
1995,37,36,36
2000,37,36,37
2005,36,36,36
2010,38,36,36
2015,35,36,36
2020,39,36,36
2025,36,37,36
2030,38,36,36
2035,36,37,37
2040,38,36,36
2045,37,37,37
2050,37,36,37
2055,38,37,37
2060,36,37,36
2065,38,37,37
2070,36,37,37
2075,39,37,37
2080,36,38,37
2085,38,37,37
2090,37,38,37
2095,37,37,37
2100,37,37,37
2105,36,37,37
2110,38,37,38
2115,37,37,37
2120,39,37,38
2125,37,38,37
2130,39,37,38
2135,37,38,38
2140,39,37,37
2145,37,38,37
2150,38,37,37
2155,38,38,38
2160,37,37,37
2165,38,38,38
2170,37,38,37
2175,39,38,38
2180,37,38,38
2185,40,37,38
2190,38,38,38
2195,39,38,38
2200,38,38,38
2205,38,37,38
2210,39,38,38
2215,37,38,37
2220,40,38,38
2225,37,38,38
2230,39,38,38
2235,37,39,38
2240,38,38,38
2245,38,39,38
2250,39,37,38
2255,38,38,38
2260,38,38,38
2265,39,38,38
2270,37,38,38
2275,41,38,38
2280,37,38,38
2285,40,38,38
2290,38,39,38
2295,39,38,38
2300,38,39,38
2305,38,38,38
2310,39,38,39
2315,38,38,38
2320,39,38,38
2325,37,38,38
2330,41,38,38
2335,37,38,38
2340,39,38,38
2345,38,39,38
2350,39,37,38
2355,39,39,38
2360,38,37,38
2365,39,38,38
2370,37,38,38
2375,41,38,38
2380,37,38,38
2385,41,38,38
2390,38,39,38
2395,39,37,38
2400,38,38,38
2405,37,37,38
2410,39,38,38
2415,37,38,38
2420,40,38,38
2425,37,37,37
2430,40,37,38
2435,37,38,38
2440,38,37,38
2445,38,38,38
2450,38,37,37
2455,38,38,38
2460,38,37,37
2465,38,38,38
2470,37,37,37
2475,39,37,37
2480,36,38,37
2485,39,37,37
2490,37,38,37
2495,38,37,37
2500,38,38,37
2505,38,37,37
2510,37,37,37
2515,36,37,37
2520,38,37,37
2525,35,37,37
2530,38,37,37
2535,36,37,37
2540,39,37,37
2545,36,37,37
2550,38,36,36
2555,37,37,37
2560,37,36,36
2565,37,37,37
2570,36,36,36
2575,37,37,37
2580,35,37,36
2585,39,36,36
2590,36,37,36
2595,37,36,36
2600,36,36,36
2605,36,36,36
2610,36,36,37
2615,35,36,36
2620,37,36,36
2625,35,36,36
2630,37,36,36
2635,35,36,36
2640,39,36,36
2645,35,36,36
2650,37,35,36
2655,36,36,36
2660,36,35,35
2665,36,36,36
2670,35,36,35
2675,36,35,36
2680,35,36,36
2685,37,35,36
2690,35,36,36
2695,38,35,35
2700,35,36,36
2705,36,35,35
2710,36,36,36
2715,36,35,35
2720,36,35,36
2725,34,35,35
2730,36,36,36
2735,35,36,36
2740,38,35,35
2745,35,36,35
2750,37,35,35
2755,36,35,36
2760,36,35,35
2765,36,36,36
2770,34,35,35
2775,36,36,36
2780,34,35,35
2785,38,35,36
2790,34,36,35
2795,37,35,35
2800,35,36,36
2805,36,35,35
2810,36,36,36
2815,35,35,35
2820,36,36,36
2825,34,35,35
2830,37,35,35
2835,33,36,35
2840,37,35,35
2845,35,36,36
2850,36,35,35
2855,35,36,35
2860,36,35,35
2865,36,35,36
2870,35,35,35
2875,37,36,36
2880,35,35,35
2885,36,35,35
2890,35,36,35
2895,37,35,36
2900,36,36,36
2905,36,35,36
2910,36,36,36
2915,36,35,36
2920,36,36,36
2925,34,36,36
2930,37,36,36
2935,35,36,36
2940,37,36,36
2945,35,36,36
2950,37,36,36
2955,36,37,36
2960,37,36,36
2965,37,36,37
2970,36,36,36
2975,37,36,36
2980,35,37,36
2985,37,36,37
2990,36,37,36
2995,39,36,36
3000,36,37,37
3005,37,36,37
3010,37,37,37
3015,37,36,36
3020,37,37,37
3025,37,37,37
3030,38,37,37
3035,35,37,37
3040,38,37,37
3045,37,37,37
3050,40,37,37
3055,37,38,37
3060,38,36,37
3065,37,37,37
3070,37,37,37
3075,38,37,38
3080,37,37,37
3085,39,37,38
3090,36,37,37
3095,39,37,37
3100,37,38,37
3105,39,37,37
3110,37,38,38
3115,38,37,37
3120,38,38,38
3125,37,37,37
3130,39,38,38
3135,37,38,38
3140,39,38,38
3145,37,38,38
3150,39,37,38
3155,38,38,38
3160,39,38,38
3165,38,39,38
3170,38,38,38
3175,39,38,38
3180,37,38,38
3185,39,39,38
3190,37,38,38
3195,40,38,38
3200,38,38,38
3205,40,38,38
3210,38,39,38
3215,39,37,38
3220,38,39,39
3225,38,38,38
3230,39,38,39
3235,37,38,38
3240,41,38,39
3245,37,38,38
3250,40,38,38
3255,38,39,38
3260,40,38,38
3265,38,38,38
3270,39,38,38
3275,39,38,39
3280,39,38,38
3285,39,39,39
3290,36,38,38
3295,40,39,38
3300,37,39,38
3305,40,38,38
3310,38,39,39
3315,39,38,38
3320,39,39,39
3325,39,38,38
3330,39,38,39
3335,38,38,38
3340,40,38,38
3345,37,38,38
3350,40,38,39
3355,38,39,39
3360,39,38,38
3365,39,39,38
3370,38,38,38
3375,38,38,38
3380,38,38,38
3385,38,38,38
3390,37,38,38
3395,40,38,38
3400,37,38,38
3405,40,37,38
3410,37,39,38
3415,39,38,38
3420,38,38,38
3425,38,37,38
3430,38,38,38
3435,37,38,38
3440,40,38,38
3445,36,38,37
3450,41,37,38
3455,37,38,38
3460,39,37,37
3465,37,38,38
3470,39,37,37
3475,38,38,38
3480,37,37,37
3485,38,37,38
3490,36,37,37
3495,39,37,37
3500,37,38,38
3505,39,37,37
3510,37,37,37
3515,38,37,37
3520,37,37,37
3525,37,37,37
3530,37,37,37
3535,35,37,37
3540,38,37,37
3545,36,37,37
3550,40,37,37
3555,36,37,37
3560,38,37,37
3565,36,37,37
3570,38,36,37
3575,37,37,37
3580,37,36,36
3585,37,37,37
3590,35,36,36
3595,38,36,37
3600,35,37,37
3605,39,36,36
3610,36,37,36
3615,37,36,36
3620,37,36,36
3625,37,36,36
3630,37,36,36
3635,36,36,36
3640,37,36,36
3645,34,36,36
3650,39,36,36
3655,35,36,36
3660,38,35,36
3665,36,36,36
3670,37,36,36
3675,36,36,36
3680,36,36,36
3685,36,36,36
3690,36,35,36
3695,37,36,36
3700,34,35,35
3705,39,35,36
3710,35,36,36
3715,37,35,36
3720,36,36,36
3725,37,35,35
3730,36,36,36
3735,36,35,35
3740,37,36,36
3745,34,36,35
3750,38,36,36
3755,35,35,35
3760,38,36,36
3765,35,36,36
3770,37,35,35
3775,36,35,36
3780,36,35,35
3785,36,36,36
3790,36,35,35
3795,37,35,36
3800,33,36,35
3805,37,35,36
3810,35,36,36
3815,37,35,36
3820,36,36,36
3825,37,35,35
3830,35,36,36
3835,36,35,35
3840,36,35,36
3845,34,35,35
3850,37,36,35
3855,35,36,35
3860,37,36,36
3865,35,36,35
3870,37,35,36
3875,35,36,36
3880,37,35,36
3885,36,36,36
3890,35,36,35
3895,37,36,36
3900,35,36,35
3905,37,36,36
3910,35,36,36
3915,37,36,36
3920,35,36,36
3925,36,36,36
3930,36,36,36
3935,36,36,36
3940,36,36,36
3945,35,36,36
3950,38,36,36
3955,35,37,36
3960,39,36,36
3965,35,36,36
3970,38,36,36
3975,36,37,37
3980,38,36,36
3985,37,36,37
3990,37,36,36
3995,37,37,37
4000,34,37,36
4005,39,36,37
4010,36,37,36
4015,39,36,37
4020,36,37,37
4025,38,36,37
4030,37,37,37
4035,37,37,37
4040,37,37,37
4045,36,37,37
4050,38,37,37
4055,36,37,37
4060,38,37,37
4065,36,38,37
4070,39,37,37
4075,37,38,37
4080,39,37,37
4085,38,38,37
4090,37,37,37
4095,39,38,38
4100,37,38,37
4105,38,38,38
4110,36,38,38
4115,39,37,38
4120,37,38,38
4125,40,38,38
4130,38,38,38
4135,39,37,38
4140,38,38,38
4145,38,37,38
4150,39,38,38
4155,37,38,38
4160,40,38,38
4165,37,38,38
4170,40,38,38
4175,38,38,38
4180,39,38,38
4185,38,39,38
4190,38,38,38
4195,39,39,39
4200,36,38,38
4205,39,38,38
4210,38,38,38
4215,41,38,38
4220,37,39,38
4225,39,38,38
4230,38,39,39
4235,38,38,38
4240,38,39,39
4245,38,38,38
4250,39,39,38
4255,37,38,38
4260,40,39,39
4265,37,39,38
4270,40,38,38
4275,38,39,39
4280,40,38,39
4285,38,39,39
4290,39,38,38
4295,39,39,38
4300,39,39,38
4305,39,39,39
4310,37,39,38
4315,41,38,39
4320,38,39,38
4325,39,38,38
4330,38,39,39
4335,40,38,38
4340,38,39,39
4345,38,38,38
4350,39,39,39
4355,36,38,38
4360,39,39,39
4365,36,38,38
4370,40,38,38
4375,38,39,38
4380,39,38,38
4385,38,39,39
4390,38,38,38
4395,39,39,38
4400,37,38,38
4405,39,38,38
4410,37,38,38
4415,40,38,38
4420,37,38,38
4425,40,38,38
4430,38,38,38
4435,39,37,38
4440,38,38,38
4445,38,37,38
4450,38,38,38
4455,37,38,37
4460,40,38,38
4465,36,38,38
4470,39,38,38
4475,36,38,38
4480,39,37,37
4485,37,38,38
4490,38,37,37
4495,38,38,38
4500,37,37,37
4505,38,38,38
4510,36,37,37
4515,39,37,37
4520,37,37,37
4525,40,37,37
4530,37,37,37
4535,38,37,37
4540,37,37,37
4545,37,36,37
4550,38,37,37
4555,36,37,37
4560,38,37,37
4565,36,37,37
4570,38,37,37
4575,37,37,37
4580,38,37,37
4585,37,37,37
4590,37,36,36
4595,37,37,37
4600,36,36,36
4605,37,37,37
4610,36,36,36
4615,37,36,37
4620,36,36,36
4625,38,36,36
4630,36,37,36
4635,37,36,36
4640,37,37,37
4645,37,36,36
4650,37,36,36
4655,36,36,36
4660,37,36,36
4665,34,36,36
4670,39,36,36
4675,35,36,36
4680,37,36,36
4685,35,36,36
4690,37,35,36
4695,36,36,36
4700,36,35,35
4705,37,36,36
4710,35,36,35
4715,37,36,36
4720,34,35,36
4725,37,35,36
4730,35,36,36
4735,37,36,36
4740,36,36,36
4745,36,35,35
4750,36,36,36
4755,36,35,35
4760,37,35,36
4765,35,35,35
4770,38,36,36
4775,35,36,36
4780,38,35,36
4785,35,36,36
4790,36,35,35
4795,35,36,36
4800,36,35,35
4805,36,36,36
4810,35,35,35
4815,37,36,36
4820,34,36,35
4825,37,35,36
4830,34,36,35
4835,38,35,35
4840,35,36,36
4845,36,35,35
4850,35,36,36
4855,36,35,35
4860,36,36,36
4865,35,36,35
4870,37,35,36
4875,35,36,36
4880,38,36,36
4885,36,36,36
4890,37,36,36
4895,36,36,36
4900,37,36,36
4905,36,36,36
4910,36,35,35
4915,37,36,36
4920,35,36,36
4925,38,36,36
4930,35,36,36
4935,37,36,36
4940,35,37,36
4945,37,36,36
4950,36,36,37
4955,37,36,36
4960,37,37,37
4965,35,36,36
4970,37,36,36
4975,35,36,36
4980,39,37,36
4985,36,37,36
4990,38,37,37
4995,36,37,37
5000,37,36,36
5005,37,37,37
5010,37,37,37
5015,37,37,37
5020,35,37,37
5025,38,37,37
5030,36,37,37
5035,39,37,37
5040,37,38,37
5045,39,37,37
5050,37,38,37
5055,38,37,37
5060,38,37,37
5065,37,37,37
5070,39,37,38
5075,35,37,37
5080,39,38,38
5085,37,38,37
5090,39,37,38
5095,38,38,38
5100,39,37,37
5105,38,38,38
5110,38,37,37
5115,38,38,38
5120,37,38,37
5125,39,38,38
5130,36,38,38
5135,39,38,38
5140,37,38,38
5145,39,38,38
5150,38,38,38
5155,39,37,38
5160,39,39,38
5165,38,38,38
5170,39,38,39
5175,37,38,38
5180,40,38,38
5185,38,39,38
5190,41,38,38
5195,38,39,38
5200,39,38,38
5205,39,39,39
5210,39,38,38
5215,39,39,39
5220,38,38,38
5225,39,39,39
5230,37,38,38
5235,40,38,38
5240,38,39,39
5245,40,38,38
5250,39,39,39
5255,39,38,38
5260,39,39,39
5265,37,38,38
5270,39,39,39
5275,38,39,38
5280,40,39,39
5285,38,39,39
5290,41,38,38
5295,38,39,39
5300,39,38,38
5305,39,39,39
5310,39,38,38
5315,38,39,39
5320,38,39,38
5325,40,38,39
5330,38,39,38
5335,41,38,38
5340,38,39,39
5345,40,38,39
5350,38,39,39
5355,39,38,38
5360,38,39,39
5365,39,38,38
5370,39,38,39
5375,37,38,38
5380,39,39,38
5385,37,38,38
5390,40,38,38
5395,38,39,38
5400,40,38,38
5405,38,39,39
5410,39,38,38
5415,39,38,38
5420,39,38,38
5425,39,38,38
5430,37,38,38
5435,40,38,38
5440,37,38,38
5445,41,38,37
5450,38,38,38
5455,39,38,38
5460,38,38,38
5465,38,37,37
5470,38,38,38
5475,37,37,37
5480,39,38,38
5485,37,38,37
5490,39,38,37
5495,37,38,38
5500,39,37,37
5505,37,38,37
5510,38,37,37
5515,37,37,38
5520,37,37,37
5525,38,37,38
5530,36,37,37
5535,39,37,37
5540,36,37,37
5545,39,37,37
5550,36,37,37
5555,37,37,37
5560,37,37,37
5565,37,36,36
5570,37,38,37
5575,36,36,36
5580,37,37,37
5585,36,36,36
5590,38,37,37
5595,36,37,36
5600,38,36,36
5605,36,37,37
5610,37,36,36
5615,37,36,37
5620,37,36,36
5625,37,36,37
5630,35,36,36
5635,38,36,36
5640,35,36,36
5645,38,36,36
5650,36,37,36
5655,37,36,36
5660,36,37,36
5665,37,35,36
5670,37,37,36
5675,36,36,35
5680,37,36,36
5685,35,36,36
5690,37,36,36
5695,35,36,36
5700,37,35,36
5705,36,36,36
5710,37,35,36
5715,36,36,36
5720,35,35,35
5725,36,36,36
5730,35,35,36
5735,37,35,36
5740,34,36,36
5745,39,36,36
5750,35,36,36
5755,37,36,36
5760,36,36,36
5765,36,35,35
5770,36,36,36
5775,35,36,35
5780,36,36,36
5785,34,35,35
5790,37,35,36
5795,35,36,36
5800,39,35,36
5805,35,36,36
5810,36,35,35
5815,36,36,36
5820,36,35,35
5825,36,36,36
5830,35,36,35
5835,36,36,36
5840,35,36,35
5845,38,35,36
5850,35,36,36
5855,37,35,36
5860,36,36,36
5865,36,35,35
5870,36,36,36
5875,36,36,35
5880,36,36,36
5885,35,36,36
5890,37,36,36
5895,35,36,36
5900,37,36,36
5905,36,36,36
5910,39,36,36
5915,36,36,36
5920,36,36,36
5925,36,36,36
5930,35,36,36
5935,37,36,36
5940,35,36,36
5945,38,36,36
5950,35,37,37
5955,38,36,36
5960,36,37,36
5965,38,36,36
5970,37,37,37
5975,36,36,36
5980,36,37,37
5985,36,37,36
5990,38,37,37
5995,36,37,37
6000,38,36,37
6005,36,37,37
6010,38,36,37
6015,37,37,37
6020,37,37,37
6025,37,37,37
6030,36,36,37
6035,37,37,37
6040,36,37,37
6045,38,37,37
6050,37,38,37
6055,39,37,37
6060,36,38,37
6065,38,37,37
6070,37,38,37
6075,38,37,37
6080,38,38,38
6085,37,37,37
6090,38,38,38
6095,36,37,37
6100,39,38,38
6105,37,38,38
6110,39,38,37
6115,38,38,38
6120,39,37,38
6125,38,39,38
6130,38,38,38
6135,39,38,38
6140,37,38,38
6145,40,38,38
6150,36,38,38
6155,40,38,38
6160,37,39,38
6165,39,38,38
6170,38,38,38
6175,39,38,38
6180,39,39,39
6185,38,38,38
6190,39,38,38
6195,38,38,38
6200,40,38,38
6205,38,39,38
6210,40,38,38
6215,38,39,39
6220,39,38,38
6225,38,39,39
6230,38,38,38
6235,39,39,39
6240,37,39,38
6245,40,39,39
6250,38,38,38
6255,40,39,38
6260,38,39,38
6265,40,38,39
6270,38,39,39
6275,39,38,38
6280,39,39,39
6285,38,38,38
6290,39,39,39
6295,37,38,38
6300,41,39,39
6305,36,38,38
6310,41,38,38
6315,38,39,39
6320,39,38,38
6325,39,39,39
6330,39,38,38
6335,39,39,39
6340,37,38,38
6345,39,39,39
6350,37,38,38
6355,40,39,38
6360,38,39,39
6365,40,38,39
6370,38,39,39
6375,39,38,38
6380,39,39,39
6385,39,38,38
6390,39,39,39
6395,38,38,38
6400,40,38,39
6405,37,39,38
6410,40,38,38
6415,38,38,38
6420,39,38,38
6425,38,38,38
6430,39,38,38
6435,39,38,39
6440,38,38,38
6445,39,38,38
6450,37,38,38
6455,40,37,38
6460,37,38,38
6465,39,37,38
6470,37,38,38
6475,38,38,37
6480,38,38,38
6485,37,37,37
6490,39,38,38
6495,35,38,37
6500,39,38,38
6505,36,38,37
6510,40,37,37
6515,37,38,37
6520,39,36,37
6525,37,38,37
6530,38,37,37
6535,37,37,37
6540,38,37,37
6545,38,37,37
6550,36,37,37
6555,39,37,37
6560,36,37,37
6565,38,37,37
6570,37,37,37
6575,38,36,37
6580,37,37,37
6585,36,36,36
6590,37,37,37
6595,34,36,36
6600,37,37,37
6605,36,37,36
6610,38,36,37
6615,36,37,36
6620,38,36,36
6625,36,37,37
6630,37,35,36
6635,37,36,36
6640,36,36,36
6645,37,37,36
6650,35,36,36
6655,38,36,37
6660,35,36,36
6665,37,36,36
6670,35,36,36
6675,37,36,36
6680,36,37,36
6685,37,36,36
6690,36,36,36
6695,36,35,35
6700,37,35,36
6705,35,36,36
6710,38,36,36
6715,35,36,36
6720,37,35,36
6725,35,36,36
6730,37,35,35
6735,36,36,36
6740,36,35,35
6745,36,36,36
6750,36,36,36
6755,37,35,36
6760,35,36,35
6765,38,36,35
6770,35,36,36
6775,37,36,35
6780,36,36,36
6785,37,36,36
6790,36,36,36
6795,36,35,35
6800,37,36,36
6805,35,36,35
6810,36,36,36
6815,35,36,36
6820,38,35,36
6825,35,36,36
6830,37,35,36
6835,36,36,36
6840,36,35,35
6845,36,36,36
6850,35,36,35
6855,37,36,36
6860,35,36,35
6865,37,36,36
6870,35,36,36
6875,37,36,36
6880,35,36,36
6885,37,36,36
6890,36,36,36
6895,35,36,36
6900,36,36,36
6905,35,36,36
6910,37,36,36
6915,35,36,36
6920,38,36,36
6925,36,37,36
6930,37,36,36
6935,36,37,36
6940,36,36,36
6945,37,36,36
6950,36,36,36
6955,37,37,37
6960,35,36,36
6965,38,36,36
6970,36,36,37
6975,39,36,36
6980,36,37,37
6985,38,36,36
6990,37,37,37
6995,37,36,37
7000,37,37,37
7005,34,36,37
7010,38,37,37
7015,36,37,37
7020,39,37,37
7025,36,37,37
7030,38,36,37
7035,37,37,37
7040,38,37,37
7045,37,37,37
7050,36,37,37
7055,38,37,38
7060,36,37,37
7065,39,37,37
7070,36,38,37
7075,40,37,37
7080,37,38,38
7085,39,37,37
7090,37,38,38
7095,37,37,37
7100,38,38,38
7105,36,38,37
7110,39,38,38
7115,37,38,38
7120,40,38,38
7125,37,38,38
7130,40,38,38
7135,38,39,38
7140,39,37,38
7145,38,38,38
7150,39,38,38
7155,39,38,38
7160,38,38,38
7165,40,38,38
7170,37,38,38
7175,40,38,38
7180,38,39,39
7185,39,38,38
7190,38,39,39
7195,38,38,38
7200,39,39,39
7205,39,38,38
7210,40,39,39
7215,38,39,38
7220,42,38,38
7225,38,39,38
7230,40,38,38
7235,38,39,39
7240,39,38,38
7245,38,39,39
7250,39,38,38
7255,39,39,39
7260,38,39,38
7265,40,39,39
7270,38,38,38
7275,41,38,39
7280,38,39,39
7285,39,39,38
7290,38,39,39
7295,39,38,38
7300,39,39,39
7305,38,39,38
7310,40,39,39
7315,37,39,38
7320,40,38,39
7325,37,39,39
7330,41,38,38
7335,38,39,39
7340,40,38,39
7345,39,39,39
7350,39,38,38
7355,39,39,39
7360,38,38,38
7365,40,38,39
7370,37,38,38
7375,41,38,39
7380,38,38,39
7385,42,38,38
7390,38,39,39
7395,39,38,38
7400,38,38,38
7405,38,38,38
7410,39,38,38
7415,38,38,38
7420,40,38,39
7425,37,38,38
7430,40,38,38
7435,38,39,38
7440,40,38,38
7445,37,38,38
7450,38,38,38
7455,38,38,38
7460,38,38,37
7465,39,38,38
7470,37,38,38
7475,39,37,38
7480,37,38,38
7485,39,38,38
7490,37,38,38
7495,38,37,38
7500,38,38,38
7505,37,37,37
7510,38,38,38
7515,37,37,37
7520,39,37,37
7525,35,37,37
7530,39,37,37
7535,36,38,37
7540,38,37,37
7545,37,38,37
7550,37,36,37
7555,37,37,37
7560,37,36,37
7565,38,37,37
7570,36,36,36
7575,38,37,37
7580,36,37,36
7585,39,37,37
7590,36,37,37
7595,38,36,36
7600,36,37,37
7605,37,36,36
7610,37,36,37
7615,35,36,36
7620,37,37,37
7625,36,36,36
7630,37,36,36
7635,36,37,36
7640,39,36,36
7645,36,37,36
7650,37,36,36
7655,37,36,36
7660,36,36,36
7665,37,36,36
7670,35,36,36
7675,38,36,36
7680,35,36,36
7685,38,36,36
7690,35,36,36
7695,37,35,36
7700,35,36,36
7705,36,36,35
7710,36,36,36
7715,36,35,36
7720,37,36,36
7725,34,35,36
7730,39,35,36
7735,35,36,35
7740,37,36,36
7745,35,36,36
7750,36,35,35
7755,36,36,36
7760,36,35,35
7765,36,36,36
7770,35,35,35
7775,37,35,36
7780,35,36,35
7785,37,35,36
7790,35,36,36
7795,37,35,36
7800,35,36,36
7805,37,35,36
7810,36,36,36
7815,35,35,36
7820,37,35,36
7825,35,36,36
7830,36,36,36
7835,35,36,35
7840,38,36,36
7845,36,36,36
7850,36,35,35
7855,36,36,36
7860,36,35,35
7865,36,36,36
7870,36,36,36
7875,37,36,36
7880,35,36,36
7885,39,36,36
7890,35,36,36
7895,39,36,36
7900,36,36,36
7905,37,36,36
7910,36,36,36
7915,36,35,36
7920,36,36,36
7925,34,36,36
7930,37,36,36
7935,36,36,36
7940,38,36,36
7945,36,37,37
7950,37,36,36
7955,36,37,37
7960,37,36,36
7965,37,37,37
7970,37,36,36
7975,37,37,37
7980,35,37,36
7985,38,36,37
7990,36,37,37
7995,39,37,37
8000,36,37,37
8005,37,36,37
8010,37,37,37
8015,37,36,37
8020,38,37,37
8025,37,37,37
8030,39,37,37
8035,35,37,37
8040,40,37,37
8045,36,37,37
8050,38,37,37
8055,37,38,37
8060,38,37,37
8065,38,38,38
8070,38,37,37
8075,38,38,38
8080,36,38,37
8085,39,38,38
8090,36,38,37
8095,39,38,38
8100,37,38,38
8105,39,37,37
8110,37,38,38
8115,38,37,38
8120,38,38,38
8125,38,38,37
8130,39,38,39
8135,36,38,38
8140,40,38,38
8145,37,38,38
8150,41,38,38
8155,38,39,38
8160,38,38,38
8165,38,39,39
8170,38,38,38
8175,39,38,39
8180,38,38,38
8185,40,39,39
8190,38,38,38
8195,41,38,38
8200,37,39,39
8205,40,38,38
8210,38,39,38
8215,39,38,38
8220,38,39,39
8225,38,38,38
8230,39,38,39
8235,37,38,38
8240,40,38,39
8245,38,39,38
8250,40,38,38
8255,38,39,39
8260,40,38,38
8265,38,39,39
8270,39,38,38
8275,40,39,39
8280,38,39,38
8285,40,39,39
8290,37,38,38
8295,40,39,39
8300,37,39,38
8305,40,38,38
8310,38,39,39
8315,39,38,39
8320,39,39,39
8325,38,38,38
8330,39,39,39
8335,38,39,39
8340,41,38,39
8345,38,38,38
8350,40,38,39
8355,39,39,39
8360,39,38,38
8365,38,39,39
8370,40,38,38
8375,38,39,39
8380,38,38,38
8385,39,38,39
8390,36,38,38
8395,41,38,39
8400,38,39,38
8405,39,38,38
8410,38,38,38
8415,39,38,38
8420,39,38,38
8425,39,38,38
8430,39,38,38
8435,38,38,38
8440,39,38,38
8445,37,38,38
8450,39,37,38
8455,37,38,38
8460,39,38,38
8465,38,38,38
8470,38,37,38
8475,38,38,38
8480,37,37,37
8485,39,37,38
8490,37,38,37
8495,40,38,38
8500,37,38,37
8505,40,37,37
8510,37,38,38
8515,38,37,37
8520,37,38,38
8525,37,37,37
8530,38,37,38
8535,37,37,37
8540,39,37,37
8545,36,37,37
8550,38,37,37
8555,37,37,37
8560,38,37,37
8565,37,37,37
8570,38,36,37
8575,37,37,37
8580,37,36,36
8585,37,36,37
8590,34,37,37
8595,38,36,37
8600,36,37,36
8605,38,36,36
8610,36,37,37
8615,38,36,36
8620,37,37,36
8625,37,36,36
8630,37,37,37
8635,37,36,36
8640,37,36,36
8645,35,36,36
8650,39,36,36
8655,35,36,36
8660,37,36,36
8665,36,37,36
8670,36,36,36
8675,36,36,36
8680,36,36,36
8685,36,36,36
8690,34,36,35
8695,37,36,36
8700,35,36,36
8705,38,36,36
8710,36,37,36
8715,37,35,36
8720,35,36,36
8725,36,35,36
8730,36,36,36
8735,35,35,35
8740,37,36,36
8745,35,36,36
8750,37,36,36
8755,35,36,36
8760,38,36,36
8765,36,36,36
8770,37,35,36
8775,36,36,36
8780,36,35,35
8785,36,36,36
8790,36,36,35
8795,37,36,36
8800,35,35,35
8805,38,36,36
8810,36,36,35
8815,37,35,35
8820,36,36,36
8825,37,35,36
8830,36,36,36
8835,36,35,35
8840,37,36,36
8845,34,36,35
8850,37,36,36
8855,34,36,35
8860,37,35,36
8865,35,36,36
8870,37,35,35
8875,36,36,36
8880,36,36,36
8885,37,36,36
8890,35,36,36
8895,37,36,36
8900,35,36,36
8905,37,36,36
8910,35,37,36
8915,38,36,36
8920,36,37,36
8925,37,36,36
8930,37,37,37
8935,37,36,36
8940,37,37,36
8945,35,36,36
8950,38,36,36
8955,35,37,36
8960,39,36,37
8965,35,37,36
8970,37,36,36
8975,37,37,36
8980,37,36,36
8985,37,37,37
8990,37,36,36
8995,38,37,37
9000,36,37,37
9005,38,37,37
9010,36,37,37
9015,39,36,37
9020,36,38,37
9025,38,36,37
9030,37,37,37
9035,38,36,37
9040,37,37,37
9045,36,37,37
9050,38,37,37
9055,36,38,37
9060,39,37,37
9065,37,38,37
9070,39,37,37
9075,38,38,38
9080,38,37,37
9085,38,38,38
9090,37,37,38
9095,38,38,38
9100,36,38,37
9105,39,38,38
9110,37,38,38
9115,41,37,38
9120,38,38,38
9125,39,38,38
9130,38,38,38
9135,39,37,38
9140,39,38,38
9145,38,38,38
9150,40,38,38
9155,36,38,38
9160,40,38,38
9165,37,39,38
9170,39,38,38
9175,38,39,39
9180,39,38,38
9185,39,39,39
9190,38,38,38
9195,39,39,39
9200,36,38,38
9205,40,38,39
9210,38,39,38
9215,42,39,38
9220,38,39,38
9225,40,38,38
9230,38,39,39
9235,39,38,38
9240,38,39,39
9245,38,38,38
9250,39,39,39
9255,38,38,38
9260,40,38,39
9265,38,39,38
9270,40,38,38
9275,38,39,39
9280,39,38,38
9285,38,39,39
9290,39,38,38
9295,39,39,39
9300,37,38,38
9305,40,38,39
9310,37,39,38
9315,40,39,39
9320,38,39,39
9325,40,38,38
9330,38,39,39
9335,40,39,38
9340,39,39,39
9345,38,38,38
9350,40,39,39
9355,38,39,38
9360,40,39,39
9365,37,39,38
9370,41,38,38
9375,38,39,39
9380,39,38,38
9385,39,39,39
9390,38,38,38
9395,39,38,39
9400,39,38,38
9405,39,38,38
9410,37,38,38
9415,41,38,39
9420,38,39,38
9425,40,38,38
9430,38,39,38
9435,39,38,38
9440,38,39,38
9445,38,38,38
9450,38,38,38
9455,37,38,38
9460,39,38,38
9465,37,38,38
9470,40,38,38
9475,37,38,38
9480,39,37,38
9485,38,38,38
9490,38,37,37
9495,38,38,38
9500,37,38,37
9505,39,37,38
9510,37,37,37
9515,38,37,37
9520,36,38,37
9525,38,37,37
9530,37,38,37
9535,38,37,37
9540,37,37,37
9545,37,37,37
9550,37,37,37
9555,35,37,37
9560,38,37,37
9565,36,37,37
9570,40,37,37
9575,36,37,37
9580,38,36,37
9585,37,37,37
9590,38,36,36
9595,37,37,37
9600,37,36,36
9605,37,37,37
9610,36,36,36
9615,38,37,37
9620,35,37,36
9625,38,36,36
9630,36,37,36
9635,37,36,36
9640,36,37,37
9645,36,36,36
9650,36,36,36
9655,35,36,36
9660,37,36,36
9665,35,36,36
9670,37,36,36
9675,35,37,36
9680,37,35,36
9685,35,36,36
9690,36,35,36
9695,36,36,36
9700,35,35,36
9705,36,36,36
9710,34,36,35
9715,37,36,36
9720,35,36,36
9725,38,36,36
9730,35,36,36
9735,37,35,36
9740,36,36,36
9745,36,35,36
9750,37,36,36
9755,36,36,36
9760,36,36,36
9765,34,36,35
9770,37,36,36
9775,35,36,36
9780,37,35,36
9785,36,36,36
9790,38,35,36
9795,35,36,36
9800,36,35,35
9805,36,36,36
9810,34,36,35
9815,37,36,36
9820,35,36,36
9825,37,35,36
9830,35,36,36
9835,37,35,36
9840,36,36,36
9845,36,35,35
9850,36,36,36
9855,35,35,35
9860,37,36,36
9865,35,36,35
9870,37,36,36
9875,35,36,36
9880,39,35,36
9885,35,36,36
9890,37,35,36
9895,36,36,36
9900,36,35,35
9905,37,36,36
9910,36,36,36
9915,37,36,36
9920,34,37,36
9925,38,36,36
9930,35,37,36
9935,37,36,36
9940,36,37,36
9945,37,36,36
9950,37,36,36
9955,37,36,36
9960,37,36,37
9965,35,36,36
9970,38,37,37
9975,36,37,36
9980,38,37,36
9985,36,37,37
9990,38,36,36
9995,37,37,37
10000,38,36,37